id;reg
1;(p+|P+){1}(s+|S+|5+){1}(i+|I+|1+){1}(t+|T+|7+){1}(t+|T+|7+){1}(à+|á+|a+|A+|4+){1}(c+|C+|ç+){1}(u+|U+){1}(s+|S+|5+){1}
2;(à+|á+|a+|A+|4+){1}(r+|R+){1}(à+|á+|a+|A+|4+){1}(u+|U+){1}(s+|S+|5+){1}(i+|I+|1+){1}(à+|á+|a+|A+|4+){1}(c+|C+|ç+){1}(u+|U+){1}(s+|S+|5+){1}
3;(à+|á+|a+|A+|4+){1}(m+|M+){1}(à+|á+|a+|A+|4+){1}(z+|Z+){1}(o+|O+|0+){1}(n+|N+){1}(è+|é+|e+|E+|3+){1}
4;(b+|B+){1}(o+|O+|0+){1}(u+|U+){1}(q+|Q+){1}(u+|U+){1}(è+|é+|e+|E+|3+){1}(t+|T+|7+){1}
5;(c+|C+|ç+){1}(o+|O+|0+){1}(u+|U+){1}
6;(r+|R+){1}(o+|O+|0+){1}(u+|U+){1}(g+|G+){1}(è+|é+|e+|E+|3+){1}
7;(r+|R+){1}(è+|é+|e+|E+|3+){1}(d+|D+){1}(-+|\s+){1}(n+|N+){1}(è+|é+|e+|E+|3+){1}(c+|C+|ç+){1}(k+|K+){1}(è+|é+|e+|E+|3+){1}(d+|D+){1}
8;(à+|á+|a+|A+|4+){1}(m+|M+){1}(à+|á+|a+|A+|4+){1}(z+|Z+){1}(o+|O+|0+){1}(n+|N+){1}
9;(j+|J+){1}(à+|á+|a+|A+|4+){1}(c+|C+|ç+){1}(q+|Q+){1}(u+|U+){1}(o+|O+|0+){1}(t+|T+|7+){1}
10;(p+|P+){1}(à+|á+|a+|A+|4+){1}(r+|R+){1}(r+|R+){1}(o+|O+|0+){1}(t+|T+|7+){1}
11;(à+|á+|a+|A+|4+){1}(m+|M+){1}(à+|á+|a+|A+|4+){1}(z+|Z+){1}(o+|O+|0+){1}(n+|N+){1}(à+|á+|a+|A+|4+){1}
12;(g+|G+){1}(o+|O+|0+){1}(r+|R+){1}(j+|J+){1}(i+|I+|1+){1}(r+|R+){1}(r+|R+){1}(o+|O+|0+){1}(j+|J+){1}(à+|á+|a+|A+|4+){1}
13;(c+|C+|ç+){1}(à+|á+|a+|A+|4+){1}(b+|B+){1}(è+|é+|e+|E+|3+){1}(n+|N+){1}(à+|á+|a+|A+|4+){1}(z+|Z+){1}(u+|U+){1}(l+|L+){1}
14;(c+|C+|ç+){1}(à+|á+|a+|A+|4+){1}(b+|B+){1}(è+|é+|e+|E+|3+){1}(z+|Z+){1}(à+|á+|a+|A+|4+){1}
15;(à+|á+|a+|A+|4+){1}(z+|Z+){1}(u+|U+){1}(l+|L+){1}
16;(g+|G+){1}(o+|O+|0+){1}(r+|R+){1}(g+|G+){1}(i+|I+|1+){1}(r+|R+){1}(r+|R+){1}(o+|O+|0+){1}(j+|J+){1}(à+|á+|a+|A+|4+){1}(\s+){1}
17;(à+|á+|a+|A+|4+){1}(m+|M+){1}(à+|á+|a+|A+|4+){1}(z+|Z+){1}(o+|O+|0+){1}(n+|N+){1}(à+|á+|a+|A+|4+){1}\w
18;(à+|á+|a+|A+|4+){1}(u+|U+){1}(r+|R+){1}(o+|O+|0+){1}(-+|\s+){1}(p+|P+){1}(à+|á+|a+|A+|4+){1}(l+|L+){1}(l+|L+){1}(i+|I+|1+){1}(à+|á+|a+|A+|4+){1}(t+|T+|7+){1}(u+|U+){1}(s+|S+|5+){1}
19;(o+|O+|0+){1}(c+|C+|ç+){1}(h+|H+){1}(r+|R+){1}(o+|O+|0+){1}(c+|C+|ç+){1}(è+|é+|e+|E+|3+){1}(p+|P+){1}(h+|H+){1}(à+|á+|a+|A+|4+){1}(l+|L+){1}(à+|á+|a+|A+|4+){1}
20;(à+|á+|a+|A+|4+){1}(u+|U+){1}(r+|R+){1}(o+|O+|0+){1}(p+|P+){1}(à+|á+|a+|A+|4+){1}(l+|L+){1}(l+|L+){1}(i+|I+|1+){1}(à+|á+|a+|A+|4+){1}(t+|T+|7+){1}(à+|á+|a+|A+|4+){1}
21;(n+|N+){1}(u+|U+){1}(q+|Q+){1}(u+|U+){1}(è+|é+|e+|E+|3+){1}
22;(y+|Y+){1}(è+|é+|e+|E+|3+){1}(l+|L+){1}(l+|L+){1}(o+|O+|0+){1}(w+|W+){1}(-+|\s+){1}(n+|N+){1}(à+|á+|a+|A+|4+){1}(p+|P+){1}(è+|é+|e+|E+|3+){1}(d+|D+){1}
23;(n+|N+){1}(u+|U+){1}(q+|Q+){1}(u+|U+){1}(i+|I+|1+){1}(g+|G+){1}(u+|U+){1}(à+|á+|a+|A+|4+){1}(l+|L+){1}(d+|D+){1}(à+|á+|a+|A+|4+){1}(\s+){1}
24;(b+|B+){1}(à+|á+|a+|A+|4+){1}(r+|R+){1}(b+|B+){1}(à+|á+|a+|A+|4+){1}(d+|D+){1}(è+|é+|e+|E+|3+){1}(n+|N+){1}(s+|S+|5+){1}(i+|I+|1+){1}(s+|S+|5+){1}
25;(g+|G+){1}(m+|M+){1}(è+|é+|e+|E+|3+){1}(l+|L+){1}(i+|I+|1+){1}(n+|N+){1}
26;(è+|é+|e+|E+){1}(p+|P+){1}(à+|á+|a+|A+|4+){1}(u+|U+){1}(l+|L+){1}(è+|é+|e+|E+|3+){1}(t+|T+|7+){1}(t+|T+|7+){1}(è+|é+|e+|E+|3+){1}(s+|S+|5+){1}
27;(j+|J+){1}(à+|á+|a+|A+|4+){1}(u+|U+){1}(n+|N+){1}(è+|é+|e+|E+|3+){1}(s+|S+|5+){1}
28;(b+|B+){1}(à+|á+|a+|A+|4+){1}(r+|R+){1}(b+|B+){1}(à+|á+|a+|A+|4+){1}(d+|D+){1}(è+|é+|e+|E+|3+){1}
29;(y+|Y+){1}(è+|é+|e+|E+|3+){1}(l+|L+){1}(l+|L+){1}(o+|O+|0+){1}(w+|W+){1}(-+|\s+){1}(s+|S+|5+){1}(h+|H+){1}(o+|O+|0+){1}(u+|U+){1}(l+|L+){1}(d+|D+){1}(è+|é+|e+|E+|3+){1}(r+|R+){1}(è+|é+|e+|E+|3+){1}(d+|D+){1}
30;(c+|C+|ç+){1}(à+|á+|a+|A+|4+){1}(r+|R+){1}(o+|O+|0+){1}(l+|L+){1}(i+|I+|1+){1}(n+|N+){1}(è+|é+|e+|E+|3+){1}(n+|N+){1}(s+|S+|5+){1}(i+|I+|1+){1}(s+|S+|5+){1}
31;(s+|S+|5+){1}(c+|C+|ç+){1}(o+|O+|0+){1}(p+|P+){1}(o+|O+|0+){1}(l+|L+){1}(i+|I+|1+){1}
32;(o+|O+|0+){1}(c+|C+|ç+){1}(h+|H+){1}(r+|R+){1}(o+|O+|0+){1}(p+|P+){1}(t+|T+|7+){1}(è+|é+|e+|E+|3+){1}(r+|R+){1}(u+|U+){1}(s+|S+|5+){1}
33;(à+|á+|a+|A+|4+){1}(è+|é+|e+|E+|3+){1}(s+|S+|5+){1}(t+|T+|7+){1}(i+|I+|1+){1}(v+|V+){1}(à+|á+|a+|A+|4+){1}
34;(o+|O+|0+){1}(c+|C+|ç+){1}(h+|H+){1}(r+|R+){1}(o+|O+|0+){1}(p+|P+){1}(t+|T+|7+){1}(è+|é+|e+|E+|3+){1}(r+|R+){1}(à+|á+|a+|A+|4+){1}
35;(à+|á+|a+|A+|4+){1}(n+|N+){1}(d+|D+){1}(r+|R+){1}(o+|O+|0+){1}(g+|G+){1}(l+|L+){1}(o+|O+|0+){1}(s+|S+|5+){1}(s+|S+|5+){1}(à+|á+|a+|A+|4+){1}
36;(à+|á+|a+|A+|4+){1}(n+|N+){1}(d+|D+){1}(r+|R+){1}(o+|O+|0+){1}(g+|G+){1}(l+|L+){1}(o+|O+|0+){1}(s+|S+|5+){1}(s+|S+|5+){1}(u+|U+){1}(s+|S+|5+){1}
37;(c+|C+|ç+){1}(h+|H+){1}(r+|R+){1}(y+|Y+){1}(s+|S+|5+){1}(o+|O+|0+){1}(t+|T+|7+){1}(i+|I+|1+){1}(s+|S+|5+){1}
38;(i+|I+|1+){1}(c+|C+|ç+){1}(t+|T+|7+){1}(è+|é+|e+|E+|3+){1}(r+|R+){1}(o+|O+|0+){1}(c+|C+|ç+){1}(è+|é+|e+|E+|3+){1}(p+|P+){1}(h+|H+){1}(à+|á+|a+|A+|4+){1}(l+|L+){1}(à+|á+|a+|A+|4+){1}
39;(l+|L+){1}(è+|é+|e+|E+|3+){1}(s+|S+|5+){1}(s+|S+|5+){1}(o+|O+|0+){1}(n+|N+){1}
40;(x+|X+){1}(à+|á+|a+|A+|4+){1}(n+|N+){1}(t+|T+|7+){1}(h+|H+){1}(o+|O+|0+){1}(c+|C+|ç+){1}(è+|é+|e+|E+|3+){1}(p+|P+){1}(h+|H+){1}(à+|á+|a+|A+|4+){1}(l+|L+){1}(u+|U+){1}(s+|S+|5+){1}
41;(s+|S+|5+){1}(w+|W+){1}(à+|á+|a+|A+|4+){1}(i+|I+|1+){1}(n+|N+){1}(s+|S+|5+){1}(o+|O+|0+){1}(n+|N+){1}
42;(l+|L+){1}(à+|á+|a+|A+|4+){1}(c+|C+|ç+){1}(t+|T+|7+){1}(i+|I+|1+){1}(f+|F+){1}(r+|R+){1}(o+|O+|0+){1}(n+|N+){1}(s+|S+|5+){1}
43;(l+|L+){1}(à+|á+|a+|A+|4+){1}(w+|W+){1}(r+|R+){1}(è+|é+|e+|E+|3+){1}(n+|N+){1}(c+|C+|ç+){1}(è+|é+|e+|E+|3+){1}
44;(c+|C+|ç+){1}(à+|á+|a+|A+|4+){1}(n+|N+){1}(i+|I+|1+){1}(f+|F+){1}(r+|R+){1}(o+|O+|0+){1}(n+|N+){1}(s+|S+|5+){1}
45;(r+|R+){1}(o+|O+|0+){1}(t+|T+|7+){1}(h+|H+){1}(s+|S+|5+){1}(c+|C+|ç+){1}(h+|H+){1}(i+|I+|1+){1}(l+|L+){1}(d+|D+){1}(i+|I+|1+){1}
46;(h+|H+){1}(à+|á+|a+|A+|4+){1}(r+|R+){1}(t+|T+|7+){1}(è+|é+|e+|E+|3+){1}(r+|R+){1}(t+|T+|7+){1}
47;(h+|H+){1}(o+|O+|0+){1}(m+|M+){1}(b+|B+){1}(r+|R+){1}(o+|O+|0+){1}(g+|G+){1}(u+|U+){1}(à+|á+|a+|A+|4+){1}(l+|L+){1}(d+|D+){1}(à+|á+|a+|A+|4+){1}
48;(h+|H+){1}(o+|O+|0+){1}(m+|M+){1}(b+|B+){1}(r+|R+){1}(o+|O+|0+){1}
49;(g+|G+){1}(u+|U+){1}(à+|á+|a+|A+|4+){1}(l+|L+){1}(d+|D+){1}(à+|á+|a+|A+|4+){1}
50;(è+|é+|e+|E+|3+){1}(s+|S+|5+){1}(p+|P+){1}(à+|á+|a+|A+|4+){1}(l+|L+){1}(d+|D+){1}(à+|á+|a+|A+|4+){1}
51;(à+|á+|a+|A+|4+){1}(m+|M+){1}(à+|á+|a+|A+|4+){1}(r+|R+){1}(i+|I+|1+){1}(l+|L+){1}(l+|L+){1}(à+|á+|a+|A+|4+){1}
52;(c+|C+|ç+){1}(o+|O+|0+){1}(t+|T+|7+){1}(o+|O+|0+){1}(r+|R+){1}(r+|R+){1}(à+|á+|a+|A+|4+){1}
53;(c+|C+|ç+){1}(à+|á+|a+|A+|4+){1}(b+|B+){1}(è+|é+|e+|E+|3+){1}(c+|C+|ç+){1}(i+|I+|1+){1}(à+|á+|a+|A+|4+){1}(m+|M+){1}(à+|á+|a+|A+|4+){1}(r+|R+){1}(i+|I+|1+){1}(l+|L+){1}(l+|L+){1}(à+|á+|a+|A+|4+){1}(\s+){1}
54;(j+|J+){1}(o+|O+|0+){1}(u+|U+){1}(è+|é+|e+|E+|3+){1}(s+|S+|5+){1}
55;(b+|B+){1}(l+|L+){1}(è+|é+|e+|E+|3+){1}(u+|U+){1}(è+|é+|e+|E+|3+){1}(s+|S+|5+){1}
56;(r+|R+){1}(è+|é+|e+|E+|3+){1}(d+|D+){1}(-+|\s+){1}(t+|T+|7+){1}(à+|á+|a+|A+|4+){1}(i+|I+|1+){1}(l+|L+){1}(è+|é+|e+|E+|3+){1}(d+|D+){1}
57;(p+|P+){1}(à+|á+|a+|A+|4+){1}(p+|P+){1}(à+|á+|a+|A+|4+){1}(g+|G+){1}(à+|á+|a+|A+|4+){1}(i+|I+|1+){1}(o+|O+|0+){1}(-+|\s+){1}(d+|D+){1}(è+|é+|e+|E+|3+){1}(-+|\s+){1}(c+|C+|ç+){1}(à+|á+|a+|A+|4+){1}(r+|R+){1}(à+|á+|a+|A+|4+){1}(-+|\s+){1}(r+|R+){1}(o+|O+|0+){1}(x+|X+){1}(à+|á+|a+|A+|4+){1}
58;(b+|B+){1}(r+|R+){1}(à+|á+|a+|A+|4+){1}(s+|S+|5+){1}(i+|I+|1+){1}(l+|L+){1}(è+|é+|e+|E+|3+){1}\w(à+|á+|a+|A+|4+){1}(\s+){1}
59;(c+|C+|ç+){1}(o+|O+|0+){1}(u+|U+){1}(r+|R+){1}(o+|O+|0+){1}(n+|N+){1}(n+|N+){1}(è+|é+|e+|E+|3+){1}
60;(l+|L+){1}(i+|I+|1+){1}(l+|L+){1}(à+|á+|a+|A+|4+){1}(s+|S+|5+){1}
61;(l+|L+){1}(i+|I+|1+){1}(l+|L+){1}(à+|á+|a+|A+|4+){1}(c+|C+|ç+){1}(-+|\s+){1}(c+|C+|ç+){1}(r+|R+){1}(o+|O+|0+){1}(w+|W+){1}(n+|N+){1}(è+|é+|e+|E+|3+){1}(d+|D+){1}
62;(g+|G+){1}(u+|U+){1}(à+|á+|a+|A+|4+){1}(y+|Y+){1}(à+|á+|a+|A+|4+){1}(b+|B+){1}(è+|é+|e+|E+|3+){1}(r+|R+){1}(à+|á+|a+|A+|4+){1}
63;(f+|F+){1}(r+|R+){1}(è+|é+|e+|E+|3+){1}(n+|N+){1}(t+|T+|7+){1}(è+|é+|e+|E+|3+){1}
64;(r+|R+){1}(o+|O+|0+){1}(j+|J+){1}(à+|á+|a+|A+|4+){1}
65;(l+|L+){1}(o+|O+|0+){1}(r+|R+){1}(o+|O+|0+){1}
66;(c+|C+|ç+){1}(o+|O+|0+){1}(r+|R+){1}(o+|O+|0+){1}(n+|N+){1}(à+|á+|a+|A+|4+){1}(-+|\s+){1}(v+|V+){1}(i+|I+|1+){1}(o+|O+|0+){1}(l+|L+){1}(è+|é+|e+|E+|3+){1}(t+|T+|7+){1}(à+|á+|a+|A+|4+){1}(\s+){1}
67;(s+|S+|5+){1}(à+|á+|a+|A+|4+){1}(i+|I+|1+){1}(n+|N+){1}(t+|T+|7+){1}(-+|\s+){1}(v+|V+){1}(i+|I+|1+){1}(n+|N+){1}(c+|C+|ç+){1}(è+|é+|e+|E+|3+){1}(n+|N+){1}(t+|T+|7+){1}
68;(v+|V+){1}(i+|I+|1+){1}(n+|N+){1}(c+|C+|ç+){1}(è+|é+|e+|E+|3+){1}(n+|N+){1}(t+|T+|7+){1}
69;(s+|S+|5+){1}(à+|á+|a+|A+|4+){1}(i+|I+|1+){1}(n+|N+){1}(t+|T+|7+){1}
70;(s+|S+|5+){1}(à+|á+|a+|A+|4+){1}(n+|N+){1}
71;(v+|V+){1}(i+|I+|1+){1}(c+|C+|ç+){1}(è+|é+|e+|E+|3+){1}(n+|N+){1}(t+|T+|7+){1}(è+|é+|e+|E+|3+){1}
72;(v+|V+){1}(i+|I+|1+){1}(n+|N+){1}(c+|C+|ç+){1}(è+|é+|e+|E+|3+){1}(n+|N+){1}(t+|T+|7+){1}(è+|é+|e+|E+|3+){1}(\s+){1}
73;(s+|S+|5+){1}(i+|I+|1+){1}(s+|S+|5+){1}(s+|S+|5+){1}(è+|é+|e+|E+|3+){1}(r+|R+){1}(o+|O+|0+){1}(u+|U+){1}
74;(i+|I+|1+){1}(m+|M+){1}(p+|P+){1}(è+|é+|e+|E+){1}(r+|R+){1}(i+|I+|1+){1}(à+|á+|a+|A+|4+){1}(l+|L+){1}(è+|é+|e+|E+|3+){1}
75;(i+|I+|1+){1}(m+|M+){1}(p+|P+){1}(è+|é+|e+|E+|3+){1}(r+|R+){1}(i+|I+|1+){1}(à+|á+|a+|A+|4+){1}(l+|L+){1}
76;(i+|I+|1+){1}(m+|M+){1}(p+|P+){1}(è+|é+|e+|E+|3+){1}(r+|R+){1}(i+|I+|1+){1}(à+|á+|a+|A+|4+){1}(l+|L+){1}(\s+){1}
77;(c+|C+|ç+){1}(u+|U+){1}(b+|B+){1}(à+|á+|a+|A+|4+){1}
78;(c+|C+|ç+){1}(u+|U+){1}(b+|B+){1}(à+|á+|a+|A+|4+){1}(n+|N+){1}
79;(b+|B+){1}(à+|á+|a+|A+|4+){1}(h+|H+){1}(à+|á+|a+|A+|4+){1}(m+|M+){1}(à+|á+|a+|A+|4+){1}(s+|S+|5+){1}
80;(c+|C+|ç+){1}(à+|á+|a+|A+|4+){1}(r+|R+){1}(i+|I+|1+){1}(b+|B+){1}(b+|B+){1}(è+|é+|e+|E+|3+){1}(à+|á+|a+|A+|4+){1}(n+|N+){1}
81;(c+|C+|ç+){1}(u+|U+){1}(b+|B+){1}(à+|á+|a+|A+|4+){1}(n+|N+){1}(à+|á+|a+|A+|4+){1}
82;(c+|C+|ç+){1}(u+|U+){1}(b+|B+){1}(à+|á+|a+|A+|4+){1}(\s+){1}
83;(t+|T+|7+){1}(t+|T+|7+){1}(è+|é+|e+|E+|3+){1}
84;(j+|J+){1}(à+|á+|a+|A+|4+){1}(u+|U+){1}(n+|N+){1}(è+|é+|e+|E+|3+){1}
85;(y+|Y+){1}(è+|é+|e+|E+|3+){1}(l+|L+){1}(l+|L+){1}(o+|O+|0+){1}(w+|W+){1}(-+|\s+){1}(h+|H+){1}(è+|é+|e+|E+|3+){1}(à+|á+|a+|A+|4+){1}(d+|D+){1}(è+|é+|e+|E+|3+){1}(d+|D+){1}
86;(c+|C+|ç+){1}(à+|á+|a+|A+|4+){1}(b+|B+){1}(è+|é+|e+|E+|3+){1}(c+|C+|ç+){1}(i+|I+|1+){1}(g+|G+){1}(u+|U+){1}(à+|á+|a+|A+|4+){1}(l+|L+){1}(d+|D+){1}(à+|á+|a+|A+|4+){1}
87;(c+|C+|ç+){1}(à+|á+|a+|A+|4+){1}(b+|B+){1}(è+|é+|e+|E+|3+){1}(c+|C+|ç+){1}(i+|I+|1+){1}(à+|á+|a+|A+|4+){1}(m+|M+){1}(à+|á+|a+|A+|4+){1}(r+|R+){1}(i+|I+|1+){1}(l+|L+){1}(l+|L+){1}(o+|O+|0+){1}(\s+){1}
88;(p+|P+){1}(è+|é+|e+|E+|3+){1}(t+|T+|7+){1}(r+|R+){1}(è+|é+|e+|E+|3+){1}(i+|I+|1+){1}
89;(p+|P+){1}(r+|R+){1}\w(t+|T+|7+){1}(r+|R+){1}(è+|é+|e+|E+|3+){1}
90;(r+|R+){1}(è+|é+|e+|E+|3+){1}(d+|D+){1}(-+|\s+){1}(s+|S+|5+){1}(p+|P+){1}(è+|é+|e+|E+|3+){1}(c+|C+|ç+){1}(t+|T+|7+){1}(à+|á+|a+|A+|4+){1}(c+|C+|ç+){1}(l+|L+){1}(è+|é+|e+|E+|3+){1}(d+|D+){1}
91;(c+|C+|ç+){1}(h+|H+){1}(à+|á+|a+|A+|4+){1}(r+|R+){1}(à+|á+|a+|A+|4+){1}(o+|O+|0+){1}
92;(c+|C+|ç+){1}(à+|á+|a+|A+|4+){1}(b+|B+){1}(è+|é+|e+|E+|3+){1}(c+|C+|ç+){1}(i+|I+|1+){1}(r+|R+){1}(r+|R+){1}(o+|O+|0+){1}(j+|J+){1}(à+|á+|a+|A+|4+){1}
93;(c+|C+|ç+){1}(à+|á+|a+|A+|4+){1}(b+|B+){1}(è+|é+|e+|E+|3+){1}(c+|C+|ç+){1}(i+|I+|1+){1}(r+|R+){1}(r+|R+){1}(o+|O+|0+){1}(j+|J+){1}(o+|O+|0+){1}
94;(p+|P+){1}(à+|á+|a+|A+|4+){1}(p+|P+){1}(à+|á+|a+|A+|4+){1}(g+|G+){1}(à+|á+|a+|A+|4+){1}(i+|I+|1+){1}(o+|O+|0+){1}(-+|\s+){1}(c+|C+|ç+){1}(h+|H+){1}(à+|á+|a+|A+|4+){1}(r+|R+){1}\w(o+|O+|0+){1}(\s+){1}
95;(c+|C+|ç+){1}(h+|H+){1}(r+|R+){1}(y+|Y+){1}(s+|S+|5+){1}(o+|O+|0+){1}(t+|T+|7+){1}(u+|U+){1}(s+|S+|5+){1}
96;(r+|R+){1}(h+|H+){1}(o+|O+|0+){1}(d+|D+){1}(o+|O+|0+){1}(c+|C+|ç+){1}(o+|O+|0+){1}(r+|R+){1}(y+|Y+){1}(t+|T+|7+){1}(h+|H+){1}(à+|á+|a+|A+|4+){1}
97;(s+|S+|5+){1}(o+|O+|0+){1}(u+|U+){1}(r+|R+){1}(c+|C+|ç+){1}(i+|I+|1+){1}(l+|L+){1}(s+|S+|5+){1}
98;(r+|R+){1}(o+|O+|0+){1}(u+|U+){1}(g+|G+){1}(è+|é+|e+|E+|3+){1}(s+|S+|5+){1}
99;(r+|R+){1}(è+|é+|e+|E+|3+){1}(d+|D+){1}(-+|\s+){1}(b+|B+){1}(r+|R+){1}(o+|O+|0+){1}(w+|W+){1}(è+|é+|e+|E+|3+){1}(d+|D+){1}
100;(r+|R+){1}(è+|é+|e+|E+|3+){1}(d+|D+){1}(-+|\s+){1}(t+|T+|7+){1}(o+|O+|0+){1}(p+|P+){1}(p+|P+){1}(è+|é+|e+|E+|3+){1}(d+|D+){1}
101;(c+|C+|ç+){1}(h+|H+){1}(à+|á+|a+|A+|4+){1}(u+|U+){1}(à+|a+|á+|A+|4+){1}(\s+){1}
102;(t+|T+|7+){1}(u+|U+){1}(c+|C+|ç+){1}(u+|U+){1}(m+|M+){1}(à+|á+|a+|A+|4+){1}(n+|N+){1}(à+|á+|a+|A+|4+){1}
103;(t+|T+|7+){1}(u+|U+){1}(c+|C+|ç+){1}(u+|U+){1}(m+|M+){1}(à+|á+|a+|A+|4+){1}(n+|N+){1}
104;(t+|T+|7+){1}(u+|U+){1}(c+|C+|ç+){1}(u+|U+){1}(m+|M+){1}(à+|a+|á+|A+|4+){1}(n+|N+){1}
105;(à+|á+|a+|A+|4+){1}(m+|M+){1}(à+|á+|a+|A+|4+){1}(z+|Z+){1}(o+|O+|0+){1}(n+|N+){1}(\s+){1}
106;(v+|V+){1}(è+|é+|e+|E+|3+){1}(r+|R+){1}(s+|S+|5+){1}(i+|I+|1+){1}(c+|C+|ç+){1}(o+|O+|0+){1}(l+|L+){1}(o+|O+|0+){1}(r+|R+){1}
107;(s+|S+|5+){1}(à+|á+|a+|A+|4+){1}(i+|I+|1+){1}(n+|N+){1}(t+|T+|7+){1}(è+|é+|e+|E+|3+){1}(-+|\s+){1}(l+|L+){1}(u+|U+){1}(c+|C+|ç+){1}(i+|I+|1+){1}(è+|é+|e+|E+|3+){1}
108;(l+|L+){1}(u+|U+){1}(c+|C+|ç+){1}(i+|I+|1+){1}(à+|á+|a+|A+|4+){1}
109;(p+|P+){1}(s+|S+|5+){1}(t+|T+|7+){1}(i+|I+|1+){1}(t+|T+|7+){1}(t+|T+|7+){1}(à+|á+|a+|A+|4+){1}(c+|C+|ç+){1}(u+|U+){1}(s+|S+|5+){1}
110;(v+|V+){1}(i+|I+|1+){1}(n+|N+){1}(à+|á+|a+|A+|4+){1}(c+|C+|ç+){1}(è+|é+|e+|E+|3+){1}(u+|U+){1}(s+|S+|5+){1}
111;(v+|V+){1}(i+|I+|1+){1}(n+|N+){1}(è+|é+|e+|E+|3+){1}(u+|U+){1}(s+|S+|5+){1}(è+|é+|e+|E+|3+){1}
112;(b+|B+){1}(o+|O+|0+){1}(u+|U+){1}(r+|R+){1}(g+|G+){1}(o+|O+|0+){1}(g+|G+){1}(n+|N+){1}(è+|é+|e+|E+|3+){1}
113;(v+|V+){1}(i+|I+|1+){1}(n+|N+){1}(à+|á+|a+|A+|4+){1}(c+|C+|ç+){1}(è+|é+|e+|E+|3+){1}(o+|O+|0+){1}(u+|U+){1}(s+|S+|5+){1}
114;(v+|V+){1}(i+|I+|1+){1}(n+|N+){1}(à+|á+|a+|A+|4+){1}(c+|C+|ç+){1}(è+|é+|e+|E+|3+){1}(o+|O+|0+){1}(u+|U+){1}(s+|S+|5+){1}(-+|\s+){1}(b+|B+){1}(r+|R+){1}(è+|é+|e+|E+|3+){1}(à+|á+|a+|A+|4+){1}(s+|S+|5+){1}(t+|T+|7+){1}(è+|é+|e+|E+|3+){1}(d+|D+){1}
115;(p+|P+){1}(à+|á+|a+|A+|4+){1}(r+|R+){1}(r+|R+){1}(o+|O+|0+){1}(t+|T+|7+){1}(\s+){1}
116;(v+|V+){1}(è+|é+|e+|E+|3+){1}(r+|R+){1}(t+|T+|7+){1}(è+|é+|e+|E+|3+){1}(s+|S+|5+){1}
117;(r+|R+){1}(è+|é+|e+|E+|3+){1}(d+|D+){1}(-+|\s+){1}(c+|C+|ç+){1}(r+|R+){1}(o+|O+|0+){1}(w+|W+){1}(n+|N+){1}(è+|é+|e+|E+|3+){1}(d+|D+){1}
118;(g+|G+){1}(r+|R+){1}(è+|é+|e+|E+|3+){1}(è+|é+|e+|E+|3+){1}(n+|N+){1}(-+|\s+){1}(c+|C+|ç+){1}(h+|H+){1}(è+|é+|e+|E+|3+){1}(è+|é+|e+|E+|3+){1}(k+|K+){1}(è+|é+|e+|E+|3+){1}(d+|D+){1}
119;(m+|M+){1}(è+|é+|e+|E+|3+){1}(x+|X+){1}(i+|I+|1+){1}(c+|C+|ç+){1}(à+|á+|a+|A+|4+){1}(n+|N+){1}
120;(r+|R+){1}(è+|é+|e+|E+|3+){1}(d+|D+){1}(-+|\s+){1}(h+|H+){1}(è+|é+|e+|E+|3+){1}(à+|á+|a+|A+|4+){1}(d+|D+){1}(è+|é+|e+|E+|3+){1}(d+|D+){1}
121;(v+|V+){1}(i+|I+|1+){1}(t+|T+|7+){1}(t+|T+|7+){1}(à+|á+|a+|A+|4+){1}(t+|T+|7+){1}(u+|U+){1}(s+|S+|5+){1}
122;(p+|P+){1}(o+|O+|0+){1}(r+|R+){1}(t+|T+|7+){1}(o+|O+|0+){1}
123;(r+|R+){1}(i+|I+|1+){1}(c+|C+|ç+){1}(o+|O+|0+){1}
124;(p+|P+){1}(u+|U+){1}(è+|é+|e+|E+|3+){1}(r+|R+){1}(t+|T+|7+){1}(o+|O+|0+){1}
125;(r+|R+){1}(i+|I+|1+){1}(c+|C+|ç+){1}(à+|á+|a+|A+|4+){1}(n+|N+){1}
126;(r+|R+){1}(è+|é+|e+|E+|3+){1}(d+|D+){1}(-+|\s+){1}(f+|F+){1}(r+|R+){1}(o+|O+|0+){1}(n+|N+){1}(t+|T+|7+){1}(è+|é+|e+|E+|3+){1}(d+|D+){1}
127;(à+|á+|a+|A+|4+){1}(m+|M+){1}(b+|B+){1}(i+|I+|1+){1}(g+|G+){1}(u+|U+){1}(u+|U+){1}(s+|S+|5+){1}
128;(à+|á+|a+|A+|4+){1}(r+|R+){1}(à+|á+|a+|A+|4+){1}
129;(à+|á+|a+|A+|4+){1}(m+|M+){1}(b+|B+){1}(i+|I+|1+){1}(g+|G+){1}(u+|U+){1}(à+|á+|a+|A+|4+){1}
130;(b+|B+){1}(u+|U+){1}(f+|F+){1}(f+|F+){1}(o+|O+|0+){1}(n+|N+){1}
131;(g+|G+){1}(r+|R+){1}(à+|á+|a+|A+|4+){1}(n+|N+){1}(d+|D+){1}
132;(v+|V+){1}(è+|é+|e+|E+|3+){1}(r+|R+){1}(t+|T+|7+){1}
133;(g+|G+){1}(r+|R+){1}(è+|é+|e+|E+|3+){1}(à+|á+|a+|A+|4+){1}(t+|T+|7+){1}
134;(g+|G+){1}(r+|R+){1}(è+|é+|e+|E+|3+){1}(è+|é+|e+|E+|3+){1}(n+|N+){1}
135;(m+|M+){1}(à+|á+|a+|A+|4+){1}(c+|C+|ç+){1}(à+|á+|a+|A+|4+){1}(w+|W+){1}
136;(g+|G+){1}(u+|U+){1}(à+|á+|a+|A+|4+){1}(c+|C+|ç+){1}(à+|á+|a+|A+|4+){1}(m+|M+){1}(à+|á+|a+|A+|4+){1}(y+|Y+){1}(o+|O+|0+){1}
137;(à+|á+|a+|A+|4+){1}(m+|M+){1}(b+|B+){1}(i+|I+|1+){1}(g+|G+){1}(u+|U+){1}(o+|O+|0+){1}
138;(v+|V+){1}(è+|é+|e+|E+|3+){1}(r+|R+){1}(d+|D+){1}(è+|é+|e+|E+|3+){1}
139;(g+|G+){1}(r+|R+){1}(à+|á+|a+|A+|4+){1}(n+|N+){1}(d+|D+){1}(è+|é+|e+|E+|3+){1}(\s+){1}
140;(c+|C+|ç+){1}(à+|á+|a+|A+|4+){1}(n+|N+){1}(i+|I+|1+){1}(n+|N+){1}(d+|D+){1}(è+|é+|e+|E+){1}
141;(b+|B+){1}(l+|L+){1}(u+|U+){1}(è+|é+|e+|E+|3+){1}(-+|\s+){1}(t+|T+|7+){1}(h+|H+){1}(r+|R+){1}(o+|O+|0+){1}(à+|á+|a+|A+|4+){1}(t+|T+|7+){1}(è+|é+|e+|E+|3+){1}(d+|D+){1}
142;(c+|C+|ç+){1}(à+|á+|a+|A+|4+){1}(n+|N+){1}(i+|I+|1+){1}(n+|N+){1}(d+|D+){1}(è+|é+|e+|E+|3+){1}
143;(w+|W+){1}(à+|á+|a+|A+|4+){1}(g+|G+){1}(l+|L+){1}(è+|é+|e+|E+|3+){1}(r+|R+){1}('+|\s+){1}(s+|S+|5+){1}
144;(b+|B+){1}(à+|á+|a+|A+|4+){1}(r+|R+){1}(b+|B+){1}(à+|á+|a+|A+|4+){1}
145;(b+|B+){1}(à+|á+|a+|A+|4+){1}(r+|R+){1}(b+|B+){1}(à+|á+|a+|A+|4+){1}(z+|Z+){1}(u+|U+){1}(l+|L+){1}
146;(b+|B+){1}(à+|á+|a+|A+|4+){1}(r+|R+){1}(b+|B+){1}(i+|I+|1+){1}(à+|á+|a+|A+|4+){1}(z+|Z+){1}(u+|U+){1}(l+|L+){1}
147;(à+|á+|a+|A+|4+){1}(m+|M+){1}(à+|á+|a+|A+|4+){1}(r+|R+){1}(i+|I+|1+){1}(l+|L+){1}(l+|L+){1}(o+|O+|0+){1}
148;(c+|C+|ç+){1}(à+|á+|a+|A+|4+){1}(n+|N+){1}(i+|I+|1+){1}(n+|N+){1}(d+|D+){1}(è+|é+|e+|E+|3+){1}(\s+){1}
149;(m+|M+){1}(à+|á+|a+|A+|4+){1}(c+|C+|ç+){1}(à+|á+|a+|A+|4+){1}(o+|O+|0+){1}
150;(s+|S+|5+){1}(c+|C+|ç+){1}(à+|á+|a+|A+|4+){1}(r+|R+){1}(l+|L+){1}(è+|é+|e+|E+|3+){1}(t+|T+|7+){1}
151;(g+|G+){1}(u+|U+){1}(à+|á+|a+|A+|4+){1}(c+|C+|ç+){1}(à+|á+|a+|A+|4+){1}(m+|M+){1}(à+|á+|a+|A+|4+){1}(y+|Y+){1}(à+|á+|a+|A+|4+){1}
152;(r+|R+){1}(o+|O+|0+){1}(j+|J+){1}(à+|á+|a+|A+|4+){1}(\s+){1}
153;(m+|M+){1}(i+|I+|1+){1}(l+|L+){1}(i+|I+|1+){1}(t+|T+|7+){1}(à+|á+|a+|A+|4+){1}(r+|R+){1}(i+|I+|1+){1}(s+|S+|5+){1}
154;(m+|M+){1}(i+|I+|1+){1}(l+|L+){1}(i+|I+|1+){1}(t+|T+|7+){1}(à+|á+|a+|A+|4+){1}(i+|I+|1+){1}(r+|R+){1}(è+|é+|e+|E+|3+){1}
155;(m+|M+){1}(i+|I+|1+){1}(l+|L+){1}(i+|I+|1+){1}(t+|T+|7+){1}(à+|á+|a+|A+|4+){1}(r+|R+){1}(y+|Y+){1}
156;(m+|M+){1}(i+|I+|1+){1}(l+|L+){1}(i+|I+|1+){1}(t+|T+|7+){1}(à+|á+|a+|A+|4+){1}(r+|R+){1}(\s+){1}
157;(l+|L+){1}(à+|á+|a+|A+|4+){1}(f+|F+){1}(r+|R+){1}(è+|é+|e+|E+|3+){1}(s+|S+|5+){1}(n+|N+){1}(à+|á+|a+|A+|4+){1}(y+|Y+){1}(è+|é+|e+|E+|3+){1}
158;(f+|F+){1}(r+|R+){1}(o+|O+|0+){1}(n+|N+){1}(t+|T+|7+){1}
159;(d+|D+){1}(o+|O+|0+){1}(r+|R+){1}(à+|á+|a+|A+|4+){1}(d+|D+){1}(o+|O+|0+){1}
160;(c+|C+|ç+){1}(o+|O+|0+){1}(c+|C+|ç+){1}(h+|H+){1}(à+|á+|a+|A+|4+){1}(b+|B+){1}(à+|á+|a+|A+|4+){1}(m+|M+){1}(b+|B+){1}(à+|á+|a+|A+|4+){1}
161;(f+|F+){1}(r+|R+){1}(è+|é+|e+|E+|3+){1}(n+|N+){1}(t+|T+|7+){1}(i+|I+|1+){1}(r+|R+){1}(r+|R+){1}(o+|O+|0+){1}(j+|J+){1}(à+|á+|a+|A+|4+){1}(\s+){1}
162;(s+|S+|5+){1}(p+|P+){1}(i+|I+|1+){1}(x+|X+){1}
163;(s+|S+|5+){1}(p+|P+){1}(i+|I+|1+){1}(x+|X+){1}('+|\s+){1}(s+|S+|5+){1}
164;(l+|L+){1}(i+|I+|1+){1}(t+|T+|7+){1}(t+|T+|7+){1}(l+|L+){1}(è+|é+|e+|E+|3+){1}
165;(b+|B+){1}(l+|L+){1}(u+|U+){1}(è+|é+|e+|E+|3+){1}
166;(g+|G+){1}(u+|U+){1}(à+|á+|a+|A+|4+){1}(c+|C+|ç+){1}(à+|á+|a+|A+|4+){1}(m+|M+){1}(à+|á+|a+|A+|4+){1}(y+|Y+){1}(i+|I+|1+){1}(t+|T+|7+){1}(o+|O+|0+){1}
167;(à+|á+|a+|A+|4+){1}(z+|Z+){1}(u+|U+){1}(l+|L+){1}(\s+){1}
168;(p+|P+){1}(è+|é+|e+|E+|3+){1}(r+|R+){1}(r+|R+){1}(u+|U+){1}(c+|C+|ç+){1}(h+|H+){1}(è+|é+|e+|E+|3+){1}
169;(n+|N+){1}(o+|O+|0+){1}(r+|R+){1}(f+|F+){1}(o+|O+|0+){1}(l+|L+){1}(k+|K+){1}
170;(k+|K+){1}(à+|á+|a+|A+|4+){1}(k+|K+){1}(à+|á+|a+|A+|4+){1}(r+|R+){1}(i+|I+|1+){1}(k+|K+){1}(i+|I+|1+){1}
171;(p+|P+){1}(à+|á+|a+|A+|4+){1}(r+|R+){1}(à+|á+|a+|A+|4+){1}(k+|K+){1}(è+|é+|e+|E+|3+){1}(è+|é+|e+|E+|3+){1}(t+|T+|7+){1}
172;(t+|T+|7+){1}(à+|á+|a+|A+|4+){1}(s+|S+|5+){1}(m+|M+){1}(à+|á+|a+|A+|4+){1}(n+|N+){1}
173;(i+|I+|1+){1}(s+|S+|5+){1}(l+|L+){1}(à+|á+|a+|A+|4+){1}(n+|N+){1}(d+|D+){1}
174;(p+|P+){1}(à+|á+|a+|A+|4+){1}(r+|R+){1}(à+|á+|a+|A+|4+){1}(k+|K+){1}(è+|é+|e+|E+|3+){1}(è+|é+|e+|E+|3+){1}(t+|T+|7+){1}(\s+){1}
175;(d+|D+){1}(è+|é+|e+|E+|3+){1}(s+|S+|5+){1}
176;(c+|C+|ç+){1}(h+|H+){1}(à+|á+|a+|A+|4+){1}(t+|T+|7+){1}(h+|H+){1}(à+|á+|a+|A+|4+){1}(m+|M+){1}
177;(f+|F+){1}(o+|O+|0+){1}(r+|R+){1}(b+|B+){1}(è+|é+|e+|E+|3+){1}(s+|S+|5+){1}('+|\s+){1}
178;(n+|N+){1}(o+|O+|0+){1}(v+|V+){1}(à+|á+|a+|A+|4+){1}(è+|é+|e+|E+|3+){1}(z+|Z+){1}(è+|é+|e+|E+|3+){1}(l+|L+){1}(à+|á+|a+|A+|4+){1}(n+|N+){1}(d+|D+){1}(i+|I+|1+){1}(à+|á+|a+|A+|4+){1}(è+|é+|e+|E+|3+){1}
179;(s+|S+|5+){1}(p+|P+){1}(à+|á+|a+|A+|4+){1}(r+|R+){1}(r+|R+){1}(m+|M+){1}(à+|á+|a+|A+|4+){1}(n+|N+){1}
180;(n+|N+){1}(o+|O+|0+){1}(u+|U+){1}(v+|V+){1}(è+|é+|e+|E+|3+){1}(l+|L+){1}(l+|L+){1}(è+|é+|e+|E+|3+){1}(-+|\s+){1}(c+|C+|ç+){1}(à+|á+|a+|A+|4+){1}(l+|L+){1}(è+|é+|e+|E+){1}(d+|D+){1}(o+|O+|0+){1}(n+|N+){1}(i+|I+|1+){1}(è+|é+|e+|E+|3+){1}
181;(n+|N+){1}(è+|é+|e+|E+|3+){1}(w+|W+){1}
182;(c+|C+|ç+){1}(à+|á+|a+|A+|4+){1}(l+|L+){1}(è+|é+|e+|E+|3+){1}(d+|D+){1}(o+|O+|0+){1}(n+|N+){1}(i+|I+|1+){1}(à+|á+|a+|A+|4+){1}(n+|N+){1}
183;(p+|P+){1}(è+|é+|e+|E+|3+){1}(r+|R+){1}(i+|I+|1+){1}(c+|C+|ç+){1}(o+|O+|0+){1}
184;(n+|N+){1}(u+|U+){1}(è+|é+|e+|E+|3+){1}(v+|V+){1}(à+|á+|a+|A+|4+){1}
185;(c+|C+|ç+){1}(à+|á+|a+|A+|4+){1}(l+|L+){1}(è+|é+|e+|E+|3+){1}(d+|D+){1}(o+|O+|0+){1}(n+|N+){1}(i+|I+|1+){1}(à+|á+|a+|A+|4+){1}(\s+){1}
186;(c+|C+|ç+){1}(o+|O+|0+){1}(x+|X+){1}(è+|é+|e+|E+|3+){1}(n+|N+){1}('+|\s+){1}(s+|S+|5+){1}
187;(f+|F+){1}(i+|I+|1+){1}(g+|G+){1}
188;(b+|B+){1}(l+|L+){1}(u+|U+){1}(è+|é+|e+|E+|3+){1}(-+|\s+){1}(b+|B+){1}(r+|R+){1}(o+|O+|0+){1}(w+|W+){1}(è+|é+|e+|E+|3+){1}(d+|D+){1}
189;(r+|R+){1}(è+|é+|e+|E+|3+){1}(d+|D+){1}(-+|\s+){1}(f+|F+){1}(à+|á+|a+|A+|4+){1}(c+|C+|ç+){1}(è+|é+|e+|E+|3+){1}(d+|D+){1}
190;(s+|S+|5+){1}(o+|O+|0+){1}(u+|U+){1}(t+|T+|7+){1}(h+|H+){1}(è+|é+|e+|E+|3+){1}(r+|R+){1}(n+|N+){1}
191;(l+|L+){1}(o+|O+|0+){1}(r+|R+){1}(i+|I+|1+){1}(l+|L+){1}(è+|é+|e+|E+|3+){1}(t+|T+|7+){1}
192;(c+|C+|ç+){1}(y+|Y+){1}(c+|C+|ç+){1}(l+|L+){1}(o+|O+|0+){1}(p+|P+){1}(s+|S+|5+){1}(i+|I+|1+){1}(t+|T+|7+){1}(t+|T+|7+){1}(à+|á+|a+|A+|4+){1}
193;(c+|C+|ç+){1}(o+|O+|0+){1}(x+|X+){1}(è+|é+|e+|E+|3+){1}(n+|N+){1}(i+|I+|1+){1}
194;(o+|O+|0+){1}(p+|P+){1}(o+|O+|0+){1}(p+|P+){1}(s+|S+|5+){1}(i+|I+|1+){1}(t+|T+|7+){1}(t+|T+|7+){1}(à+|á+|a+|A+|4+){1}
195;(c+|C+|ç+){1}(o+|O+|0+){1}(x+|X+){1}(è+|é+|e+|E+|3+){1}(n+|N+){1}(i+|I+|1+){1}(\s+){1}
196;(c+|C+|ç+){1}(o+|O+|0+){1}(r+|R+){1}(n+|N+){1}(u+|U+){1}(t+|T+|7+){1}(u+|U+){1}(s+|S+|5+){1}
197;(c+|C+|ç+){1}(o+|O+|0+){1}(r+|R+){1}(n+|N+){1}(u+|U+){1}(è+|é+|e+|E+|3+){1}
198;(h+|H+){1}(o+|O+|0+){1}(r+|R+){1}(n+|N+){1}(è+|é+|e+|E+|3+){1}(d+|D+){1}
199;(c+|C+|ç+){1}(o+|O+|0+){1}(r+|R+){1}(n+|N+){1}(u+|U+){1}(d+|D+){1}(o+|O+|0+){1}(\s+){1}
200;(c+|C+|ç+){1}(o+|O+|0+){1}(n+|N+){1}(u+|U+){1}(r+|R+){1}(è+|é+|e+|E+|3+){1}
201;(d+|D+){1}(o+|O+|0+){1}(r+|R+){1}(è+|é+|e+|E+){1}(è+|é+|e+|E+|3+){1}
202;(g+|G+){1}(u+|U+){1}(à+|á+|a+|A+|4+){1}(r+|R+){1}(o+|O+|0+){1}(u+|U+){1}(b+|B+){1}(à+|á+|a+|A+|4+){1}
203;(g+|G+){1}(o+|O+|0+){1}(l+|L+){1}(d+|D+){1}(è+|é+|e+|E+|3+){1}(n+|N+){1}
204;(à+|á+|a+|A+|4+){1}(r+|R+){1}(à+|á+|a+|A+|4+){1}(t+|T+|7+){1}(i+|I+|1+){1}(n+|N+){1}(g+|G+){1}(à+|á+|a+|A+|4+){1}
205;(g+|G+){1}(u+|U+){1}(à+|á+|a+|A+|4+){1}(r+|R+){1}(u+|U+){1}(b+|B+){1}(à+|á+|a+|A+|4+){1}
206;(p+|P+){1}(è+|é+|e+|E+|3+){1}(r+|R+){1}(i+|I+|1+){1}(q+|Q+){1}(u+|U+){1}(i+|I+|1+){1}(t+|T+|7+){1}(o+|O+|0+){1}
207;(à+|á+|a+|A+|4+){1}(m+|M+){1}(à+|á+|a+|A+|4+){1}(r+|R+){1}(i+|I+|1+){1}(l+|L+){1}(l+|L+){1}(o+|O+|0+){1}(\s+){1}
208;(c+|C+|ç+){1}(h+|H+){1}(r+|R+){1}(y+|Y+){1}(s+|S+|5+){1}(o+|O+|0+){1}(g+|G+){1}(à+|á+|a+|A+|4+){1}(s+|S+|5+){1}(t+|T+|7+){1}(è+|é+|e+|E+|3+){1}(r+|R+){1}
209;(v+|V+){1}(è+|é+|e+|E+|3+){1}(n+|N+){1}(t+|T+|7+){1}(r+|R+){1}(è+|é+|e+|E+|3+){1}
210;(o+|O+|0+){1}(r+|R+){1}(à+|á+|a+|A+|4+){1}(n+|N+){1}(g+|G+){1}(è+|é+|e+|E+|3+){1}
211;(o+|O+|0+){1}(r+|R+){1}(à+|á+|a+|A+|4+){1}(n+|N+){1}(g+|G+){1}(è+|é+|e+|E+|3+){1}(-+|\s+){1}(b+|B+){1}(è+|é+|e+|E+|3+){1}(l+|L+){1}(l+|L+){1}(i+|I+|1+){1}(è+|é+|e+|E+|3+){1}(d+|D+){1}
212;(v+|V+){1}(è+|é+|e+|E+|3+){1}(n+|N+){1}(t+|T+|7+){1}(r+|R+){1}(i+|I+|1+){1}(n+|N+){1}(à+|á+|a+|A+|4+){1}(r+|R+){1}(à+|á+|a+|A+|4+){1}(n+|N+){1}(j+|J+){1}(à+|á+|a+|A+|4+){1}(\s+){1}
213;(c+|C+|ç+){1}(o+|O+|0+){1}(n+|N+){1}(u+|U+){1}(r+|R+){1}(u+|U+){1}(s+|S+|5+){1}
214;(i+|I+|1+){1}(c+|C+|ç+){1}(t+|T+|7+){1}(è+|é+|e+|E+|3+){1}(r+|R+){1}(o+|O+|0+){1}(t+|T+|7+){1}(i+|I+|1+){1}(s+|S+|5+){1}
215;(y+|Y+){1}(è+|é+|e+|E+|3+){1}(l+|L+){1}(l+|L+){1}(o+|O+|0+){1}(w+|W+){1}(-+|\s+){1}(è+|é+|e+|E+|3+){1}(à+|á+|a+|A+|4+){1}(r+|R+){1}(è+|é+|e+|E+|3+){1}(d+|D+){1}
216;(o+|O+|0+){1}(r+|R+){1}(è+|é+|e+|E+|3+){1}(j+|J+){1}(i+|I+|1+){1}(g+|G+){1}(u+|U+){1}(à+|á+|a+|A+|4+){1}(l+|L+){1}(d+|D+){1}(à+|á+|a+|A+|4+){1}
217;(o+|O+|0+){1}(r+|R+){1}(è+|é+|e+|E+|3+){1}(j+|J+){1}(i+|I+|1+){1}(à+|á+|a+|A+|4+){1}(m+|M+){1}(à+|á+|a+|A+|4+){1}(r+|R+){1}(i+|I+|1+){1}(l+|L+){1}(l+|L+){1}(o+|O+|0+){1}(\s+){1}
218;(n+|N+){1}(o+|O+|0+){1}(c+|C+|ç+){1}(t+|T+|7+){1}(u+|U+){1}(r+|R+){1}(n+|N+){1}(è+|é+|e+|E+|3+){1}
219;(n+|N+){1}(i+|I+|1+){1}(g+|G+){1}(h+|H+){1}(t+|T+|7+){1}
220;(t+|T+|7+){1}(è+|é+|e+|E+|3+){1}(r+|R+){1}(r+|R+){1}(è+|é+|e+|E+|3+){1}(s+|S+|5+){1}(t+|T+|7+){1}(r+|R+){1}(è+|é+|e+|E+|3+){1}
221;(è+|é+|e+|E+|3+){1}(à+|á+|a+|A+|4+){1}(s+|S+|5+){1}(t+|T+|7+){1}(è+|é+|e+|E+|3+){1}(r+|R+){1}(n+|N+){1}
222;(g+|G+){1}(r+|R+){1}(o+|O+|0+){1}(u+|U+){1}(n+|N+){1}(d+|D+){1}
223;(c+|C+|ç+){1}(à+|á+|a+|A+|4+){1}\w(q+|Q+){1}(u+|U+){1}(è+|é+|e+|E+|3+){1}
224;(m+|M+){1}(i+|I+|1+){1}(t+|T+|7+){1}(r+|R+){1}(è+|é+|e+|E+){1}
225;(p+|P+){1}(i+|I+|1+){1}(l+|L+){1}(è+|é+|e+|E+|3+){1}(à+|á+|a+|A+|4+){1}(t+|T+|7+){1}(è+|é+|e+|E+|3+){1}(d+|D+){1}
226;(r+|R+){1}(è+|é+|e+|E+|3+){1}(d+|D+){1}(-+|\s+){1}(c+|C+|ç+){1}(à+|á+|a+|A+|4+){1}(p+|P+){1}(p+|P+){1}(è+|é+|e+|E+|3+){1}(d+|D+){1}
227;(l+|L+){1}(o+|O+|0+){1}(r+|R+){1}(i+|I+|1+){1}(t+|T+|7+){1}(o+|O+|0+){1}
228;(p+|P+){1}(i+|I+|1+){1}(l+|L+){1}(è+|é+|e+|E+|3+){1}(à+|á+|a+|A+|4+){1}(d+|D+){1}(o+|O+|0+){1}
229;(c+|C+|ç+){1}(i+|I+|1+){1}(u+|U+){1}
230;(c+|C+|ç+){1}(à+|á+|a+|A+|4+){1}(r+|R+){1}(i+|I+|1+){1}(r+|R+){1}(r+|R+){1}(o+|O+|0+){1}(j+|J+){1}(o+|O+|0+){1}
231;(c+|C+|ç+){1}(u+|U+){1}(i+|I+|1+){1}\w(-+|\s+){1}(c+|C+|ç+){1}(u+|U+){1}(i+|I+|1+){1}\w(\s+){1}
232;(p+|P+){1}(r+|R+){1}(o+|O+|0+){1}(p+|P+){1}(y+|Y+){1}(r+|R+){1}(r+|R+){1}(h+|H+){1}(u+|U+){1}(r+|R+){1}(à+|á+|a+|A+|4+){1}
233;(c+|C+|ç+){1}(o+|O+|0+){1}(u+|U+){1}(l+|L+){1}(o+|O+|0+){1}(n+|N+){1}(i+|I+|1+){1}
234;(c+|C+|ç+){1}(o+|O+|0+){1}(u+|U+){1}(l+|L+){1}(o+|O+|0+){1}(n+|N+){1}
235;(b+|B+){1}(l+|L+){1}(u+|U+){1}(è+|é+|e+|E+|3+){1}(-+|\s+){1}(h+|H+){1}(è+|é+|e+|E+|3+){1}(à+|á+|a+|A+|4+){1}(d+|D+){1}(è+|é+|e+|E+|3+){1}(d+|D+){1}
236;(c+|C+|ç+){1}(o+|O+|0+){1}(u+|U+){1}(l+|L+){1}(o+|O+|0+){1}(n+|N+){1}('+|\s+){1}(s+|S+|5+){1}
237;(c+|C+|ç+){1}(à+|á+|a+|A+|4+){1}(b+|B+){1}(è+|é+|e+|E+|3+){1}(c+|C+|ç+){1}(i+|I+|1+){1}(à+|á+|a+|A+|4+){1}(z+|Z+){1}(u+|U+){1}(l+|L+){1}
238;(m+|M+){1}(à+|á+|a+|A+|4+){1}(r+|R+){1}(à+|á+|a+|A+|4+){1}(c+|C+|ç+){1}(à+|á+|a+|A+|4+){1}(n+|N+){1}\w(-+|\s+){1}(d+|D+){1}(è+|é+|e+|E+|3+){1}(-+|\s+){1}(c+|C+|ç+){1}(à+|á+|a+|A+|4+){1}(b+|B+){1}(è+|é+|e+|E+|3+){1}(ç+|c+|C+){1}(à+|á+|a+|A+|4+){1}(-+|\s+){1}(à+|á+|a+|A+|4+){1}(z+|Z+){1}(u+|U+){1}(l+|L+){1}(\s+){1}
239;(d+|D+){1}('+|\s+){1}(i+|I+|1+){1}(l+|L+){1}(l+|L+){1}(i+|I+|1+){1}(g+|G+){1}(è+|é+|e+|E+|3+){1}(r+|R+){1}
240;(m+|M+){1}(à+|á+|a+|A+|4+){1}(r+|R+){1}(à+|á+|a+|A+|4+){1}(c+|C+|ç+){1}(à+|á+|a+|A+|4+){1}(n+|N+){1}(à+|á+|a+|A+|4+){1}
241;(b+|B+){1}(l+|L+){1}(u+|U+){1}(è+|é+|e+|E+|3+){1}(-+|\s+){1}(w+|W+){1}(i+|I+|1+){1}(n+|N+){1}(g+|G+){1}(è+|é+|e+|E+|3+){1}(d+|D+){1}
242;(i+|I+|1+){1}(l+|L+){1}(l+|L+){1}(i+|I+|1+){1}(g+|G+){1}(è+|é+|e+|E+|3+){1}(r+|R+){1}('+|\s+){1}(s+|S+|5+){1}
243;(m+|M+){1}(à+|á+|a+|A+|4+){1}(r+|R+){1}(à+|á+|a+|A+|4+){1}(c+|C+|ç+){1}(à+|á+|a+|A+|4+){1}(n+|N+){1}(à+|a+|á+|A+|4+){1}
244;(m+|M+){1}(à+|á+|a+|A+|4+){1}(r+|R+){1}(à+|á+|a+|A+|4+){1}(c+|C+|ç+){1}(à+|á+|a+|A+|4+){1}(n+|N+){1}\w(-+|\s+){1}(v+|V+){1}(è+|é+|e+|E+|3+){1}(r+|R+){1}(d+|D+){1}(à+|á+|a+|A+|4+){1}(d+|D+){1}(è+|é+|e+|E+|3+){1}(i+|I+|1+){1}(r+|R+){1}(o+|O+|0+){1}
245;(l+|L+){1}(o+|O+|0+){1}(m+|M+){1}(o+|O+|0+){1}
246;(r+|R+){1}(o+|O+|0+){1}(j+|J+){1}(o+|O+|0+){1}
247;(m+|M+){1}(à+|á+|a+|A+|4+){1}(r+|R+){1}(à+|á+|a+|A+|4+){1}(c+|C+|ç+){1}(à+|á+|a+|A+|4+){1}(n+|N+){1}\w
248;(m+|M+){1}(u+|U+){1}(l+|L+){1}(à+|á+|a+|A+|4+){1}(t+|T+|7+){1}(à+|á+|a+|A+|4+){1}(-+|\s+){1}(m+|M+){1}(à+|á+|a+|A+|4+){1}(r+|R+){1}(à+|á+|a+|A+|4+){1}(c+|C+|ç+){1}(à+|á+|a+|A+|4+){1}(n+|N+){1}\w(\s+){1}
249;(à+|á+|a+|A+|4+){1}(i+|I+|1+){1}(l+|L+){1}(è+|é+|e+|E+|3+){1}(s+|S+|5+){1}
250;(g+|G+){1}(o+|O+|0+){1}(l+|L+){1}(d+|D+){1}(è+|é+|e+|E+|3+){1}(n+|N+){1}(-+|\s+){1}(s+|S+|5+){1}(h+|H+){1}(o+|O+|0+){1}(u+|U+){1}(l+|L+){1}(d+|D+){1}(è+|é+|e+|E+|3+){1}(r+|R+){1}(è+|é+|e+|E+|3+){1}(d+|D+){1}
251;(c+|C+|ç+){1}(à+|á+|a+|A+|4+){1}(p+|P+){1}(u+|U+){1}(c+|C+|ç+){1}(h+|H+){1}(o+|O+|0+){1}(n+|N+){1}
252;(n+|N+){1}(o+|O+|0+){1}(i+|I+|1+){1}(r+|R+){1}
253;(h+|H+){1}(o+|O+|0+){1}(o+|O+|0+){1}(d+|D+){1}(è+|é+|e+|E+|3+){1}(d+|D+){1}
254;(p+|P+){1}(à+|á+|a+|A+|4+){1}(r+|R+){1}(à+|á+|a+|A+|4+){1}(d+|D+){1}(i+|I+|1+){1}(s+|S+|5+){1}
255;(p+|P+){1}(à+|á+|a+|A+|4+){1}(r+|R+){1}(à+|á+|a+|A+|4+){1}(d+|D+){1}(i+|I+|1+){1}(s+|S+|5+){1}(è+|é+|e+|E+|3+){1}
256;(è+|é+|e+|E+|3+){1}(q+|Q+){1}(u+|U+){1}(è+|é+|e+|E+|3+){1}(s+|S+|5+){1}
257;(m+|M+){1}(à+|á+|a+|A+|4+){1}(u+|U+){1}(r+|R+){1}(i+|I+|1+){1}(c+|C+|ç+){1}(è+|é+|e+|E+|3+){1}
258;(l+|L+){1}('+|\s+){1}(i+|I+|1+){1}(l+|L+){1}(è+|é+|e+|E+|3+){1}
259;(c+|C+|ç+){1}(o+|O+|0+){1}(l+|L+){1}(l+|L+){1}(i+|I+|1+){1}(è+|é+|e+|E+|3+){1}(r+|R+){1}
260;(g+|G+){1}(r+|R+){1}(o+|O+|0+){1}(s+|S+|5+){1}
261;(c+|C+|ç+){1}(à+|á+|a+|A+|4+){1}(t+|T+|7+){1}(è+|é+|e+|E+|3+){1}(à+|á+|a+|A+|4+){1}(u+|U+){1}
262;(è+|é+|e+|E+|3+){1}(c+|C+|ç+){1}(h+|H+){1}(o+|O+|0+){1}
263;(m+|M+){1}(à+|á+|a+|A+|4+){1}(u+|U+){1}(r+|R+){1}(i+|I+|1+){1}(t+|T+|7+){1}(i+|I+|1+){1}(u+|U+){1}(s+|S+|5+){1}
264;(m+|M+){1}(à+|á+|a+|A+|4+){1}(s+|S+|5+){1}(c+|C+|ç+){1}(à+|á+|a+|A+|4+){1}(r+|R+){1}(è+|é+|e+|E+|3+){1}(n+|N+){1}(è+|é+|e+|E+|3+){1}
265;(g+|G+){1}(r+|R+){1}(i+|I+|1+){1}(s+|S+|5+){1}
266;(g+|G+){1}(à+|á+|a+|A+|4+){1}(b+|B+){1}(o+|O+|0+){1}(n+|N+){1}
267;(p+|P+){1}(è+|é+|e+|E+|3+){1}(r+|R+){1}(r+|R+){1}(o+|O+|0+){1}(q+|Q+){1}(u+|U+){1}(è+|é+|e+|E+|3+){1}(t+|T+|7+){1}
268;(j+|J+){1}(à+|á+|a+|A+|4+){1}(c+|C+|ç+){1}(o+|O+|0+){1}
269;(d+|D+){1}('+|\s+){1}(à+|á+|a+|A+|4+){1}(f+|F+){1}(r+|R+){1}(i+|I+|1+){1}(q+|Q+){1}(u+|U+){1}(è+|é+|e+|E+|3+){1}
270;(c+|C+|ç+){1}(o+|O+|0+){1}(n+|N+){1}(g+|G+){1}(o+|O+|0+){1}
271;(à+|á+|a+|A+|4+){1}(f+|F+){1}(r+|R+){1}(i+|I+|1+){1}(c+|C+|ç+){1}(à+|á+|a+|A+|4+){1}(n+|N+){1}
272;(g+|G+){1}(r+|R+){1}(è+|é+|e+|E+|3+){1}(y+|Y+){1}
273;(g+|G+){1}(r+|R+){1}(y+|Y+){1}(s+|S+|5+){1}(p+|P+){1}(à+|á+|a+|A+|4+){1}(p+|P+){1}(è+|é+|e+|E+|3+){1}(g+|G+){1}(à+|á+|a+|A+|4+){1}(à+|á+|a+|A+|4+){1}(i+|I+|1+){1}
274;(p+|P+){1}(è+|é+|e+|E+|3+){1}(r+|R+){1}(o+|O+|0+){1}(k+|K+){1}(è+|é+|e+|E+|3+){1}(d+|D+){1}
275;(à+|á+|a+|A+|4+){1}(f+|F+){1}(r+|R+){1}(i+|I+|1+){1}(k+|K+){1}(à+|á+|a+|A+|4+){1}
276;(l+|L+){1}(l+|L+){1}(o+|O+|0+){1}(r+|R+){1}(o+|O+|0+){1}
277;(c+|C+|ç+){1}(u+|U+){1}(à+|á+|a+|A+|4+){1}(v+|V+){1}(è+|é+|e+|E+|3+){1}(r+|R+){1}(m+|M+){1}(è+|é+|e+|E+|3+){1}(l+|L+){1}(l+|L+){1}
278;(p+|P+){1}(à+|á+|a+|A+|4+){1}(r+|R+){1}(o+|O+|0+){1}(t+|T+|7+){1}
279;(l+|L+){1}(l+|L+){1}(w+|W+){1}(y+|Y+){1}(d+|D+){1}
280;(g+|G+){1}(r+|R+){1}(à+|á+|a+|A+|4+){1}(u+|U+){1}(p+|P+){1}(à+|á+|a+|A+|4+){1}(p+|P+){1}(à+|á+|a+|A+|4+){1}(g+|G+){1}(è+|é+|e+|E+|3+){1}(i+|I+|1+){1}
281;(g+|G+){1}(r+|R+){1}(i+|I+|1+){1}(z+|Z+){1}(à+|á+|a+|A+|4+){1}
282;(p+|P+){1}(à+|á+|a+|A+|4+){1}(p+|P+){1}(à+|á+|a+|A+|4+){1}(g+|G+){1}(o+|O+|0+){1}
283;(y+|Y+){1}(à+|á+|a+|A+|4+){1}(c+|C+|ç+){1}(o+|O+|0+){1}
284;(h+|H+){1}(à+|á+|a+|A+|4+){1}(r+|R+){1}(m+|M+){1}(à+|á+|a+|A+|4+){1}(à+|á+|a+|A+|4+){1}(p+|P+){1}(à+|á+|a+|A+|4+){1}(p+|P+){1}(u+|U+){1}(k+|K+){1}(à+|á+|a+|A+|4+){1}(i+|I+|1+){1}(j+|J+){1}(à+|á+|a+|A+|4+){1}
285;(p+|P+){1}(è+|é+|e+|E+|3+){1}(à+|á+|a+|A+|4+){1}(r+|R+){1}\w(i+|I+|1+){1}(d+|D+){1}
286;(à+|á+|a+|A+|4+){1}(f+|F+){1}(r+|R+){1}(à+|á+|a+|A+|4+){1}(c+|C+|ç+){1}(à+|á+|a+|A+|4+){1}(c+|C+|ç+){1}(h+|H+){1}
287;(p+|P+){1}(à+|á+|a+|A+|4+){1}(p+|P+){1}(p+|P+){1}(à+|á+|a+|A+|4+){1}(g+|G+){1}(à+|á+|a+|A+|4+){1}(l+|L+){1}(l+|L+){1}(o+|O+|0+){1}
288;(c+|C+|ç+){1}(è+|é+|e+|E+|3+){1}(n+|N+){1}(è+|é+|e+|E+|3+){1}(r+|R+){1}(i+|I+|1+){1}(n+|N+){1}(o+|O+|0+){1}
289;(p+|P+){1}(è+|é+|e+|E+|3+){1}(l+|L+){1}\w(k+|K+){1}(à+|á+|a+|A+|4+){1}(i+|I+|1+){1}(s+|S+|5+){1}
290;(p+|P+){1}(à+|á+|a+|A+|4+){1}(p+|P+){1}(à+|á+|a+|A+|4+){1}(g+|G+){1}(à+|á+|a+|A+|4+){1}(i+|I+|1+){1}(l+|L+){1}(i+|I+|1+){1}(s+|S+|5+){1}
291;(k+|K+){1}(è+|é+|e+|E+|3+){1}(l+|L+){1}(à+|á+|a+|A+|4+){1}(b+|B+){1}(u+|U+){1}
292;(g+|G+){1}(r+|R+){1}(i+|I+|1+){1}(j+|J+){1}(z+|Z+){1}(è+|é+|e+|E+|3+){1}
293;(r+|R+){1}(o+|O+|0+){1}(o+|O+|0+){1}(d+|D+){1}(s+|S+|5+){1}(t+|T+|7+){1}(à+|á+|a+|A+|4+){1}(à+|á+|a+|A+|4+){1}(r+|R+){1}(t+|T+|7+){1}(p+|P+){1}(à+|á+|a+|A+|4+){1}(p+|P+){1}(è+|é+|e+|E+|3+){1}(g+|G+){1}(à+|á+|a+|A+|4+){1}(à+|á+|a+|A+|4+){1}(i+|I+|1+){1}
294;(j+|J+){1}(à+|á+|a+|A+|4+){1}(k+|K+){1}(o+|O+|0+){1}
295;(p+|P+){1}(à+|á+|a+|A+|4+){1}(p+|P+){1}(à+|á+|a+|A+|4+){1}(g+|G+){1}(à+|á+|a+|A+|4+){1}(i+|I+|1+){1}(o+|O+|0+){1}(-+|\s+){1}(c+|C+|ç+){1}(i+|I+|1+){1}(n+|N+){1}(z+|Z+){1}(è+|é+|e+|E+|3+){1}(n+|N+){1}(t+|T+|7+){1}(o+|O+|0+){1}
296;(p+|P+){1}(à+|á+|a+|A+|4+){1}(p+|P+){1}(à+|á+|a+|A+|4+){1}(g+|G+){1}(à+|á+|a+|A+|4+){1}(l+|L+){1}(u+|U+){1}(l+|L+){1}
297;(g+|G+){1}(r+|R+){1}(i+|I+|1+){1}
298;(à+|á+|a+|A+|4+){1}(f+|F+){1}(r+|R+){1}(i+|I+|1+){1}(c+|C+|ç+){1}(à+|a+|á+|A+|4+){1}
299;(g+|G+){1}(r+|R+){1}(à+|á+|a+|A+|4+){1}(u+|U+){1}(p+|P+){1}(à+|á+|a+|A+|4+){1}(p+|P+){1}(à+|á+|a+|A+|4+){1}(g+|G+){1}(è+|é+|e+|E+|3+){1}(i+|I+|1+){1}(\s+){1}
300;(c+|C+|ç+){1}(r+|R+){1}(u+|U+){1}(è+|é+|e+|E+|3+){1}(n+|N+){1}(t+|T+|7+){1}(à+|á+|a+|A+|4+){1}(t+|T+|7+){1}(u+|U+){1}(s+|S+|5+){1}
301;(t+|T+|7+){1}(i+|I+|1+){1}(r+|R+){1}(i+|I+|1+){1}(b+|B+){1}(à+|á+|a+|A+|4+){1}
302;(p+|P+){1}(o+|O+|0+){1}(i+|I+|1+){1}(t+|T+|7+){1}(r+|R+){1}(i+|I+|1+){1}(n+|N+){1}(è+|é+|e+|E+|3+){1}
303;(b+|B+){1}(l+|L+){1}(è+|é+|e+|E+|3+){1}(u+|U+){1}(è+|é+|e+|E+|3+){1}
304;(b+|B+){1}(l+|L+){1}(u+|U+){1}(è+|é+|e+|E+|3+){1}(-+|\s+){1}(c+|C+|ç+){1}(h+|H+){1}(è+|é+|e+|E+|3+){1}(s+|S+|5+){1}(t+|T+|7+){1}(è+|é+|e+|E+|3+){1}(d+|D+){1}
305;(f+|F+){1}(u+|U+){1}(r+|R+){1}(à+|á+|a+|A+|4+){1}(-+|\s+){1}(m+|M+){1}(à+|á+|a+|A+|4+){1}(t+|T+|7+){1}(o+|O+|0+){1}
306;(t+|T+|7+){1}(i+|I+|1+){1}(r+|R+){1}(i+|I+|1+){1}(b+|B+){1}(à+|á+|a+|A+|4+){1}(-+|\s+){1}(g+|G+){1}(r+|R+){1}(à+|á+|a+|A+|4+){1}(n+|N+){1}(d+|D+){1}(è+|é+|e+|E+|3+){1}(\s+){1}
307;(t+|T+|7+){1}(h+|H+){1}(i+|I+|1+){1}(c+|C+|ç+){1}(k+|K+){1}(-+|\s+){1}(b+|B+){1}(i+|I+|1+){1}(l+|L+){1}(l+|L+){1}(è+|é+|e+|E+|3+){1}(d+|D+){1}
308;(p+|P+){1}(à+|á+|a+|A+|4+){1}(r+|R+){1}(r+|R+){1}(o+|O+|0+){1}(t+|T+|7+){1}(s+|S+|5+){1}
309;(r+|R+){1}(h+|H+){1}(y+|Y+){1}(n+|N+){1}(c+|C+|ç+){1}(h+|H+){1}(o+|O+|0+){1}(p+|P+){1}(s+|S+|5+){1}(i+|I+|1+){1}(t+|T+|7+){1}(t+|T+|7+){1}(à+|á+|a+|A+|4+){1}
310;(p+|P+){1}(à+|á+|a+|A+|4+){1}(c+|C+|ç+){1}(h+|H+){1}(y+|Y+){1}(r+|R+){1}(h+|H+){1}(y+|Y+){1}(n+|N+){1}(c+|C+|ç+){1}(h+|H+){1}(à+|á+|a+|A+|4+){1}
311;(b+|B+){1}(è+|é+|e+|E+|3+){1}(c+|C+|ç+){1}
312;(t+|T+|7+){1}(è+|é+|e+|E+|3+){1}(r+|R+){1}(r+|R+){1}(i+|I+|1+){1}(s+|S+|5+){1}(i+|I+|1+){1}
313;(b+|B+){1}(r+|R+){1}(u+|U+){1}(n+|N+){1}(\s+){1}
314;(s+|S+|5+){1}(t+|T+|7+){1}(r+|R+){1}(i+|I+|1+){1}(g+|G+){1}(o+|O+|0+){1}(p+|P+){1}(s+|S+|5+){1}
315;(k+|K+){1}(à+|á+|a+|A+|4+){1}(k+|K+){1}(à+|á+|a+|A+|4+){1}(p+|P+){1}(o+|O+|0+){1}
316;(p+|P+){1}(è+|é+|e+|E+|3+){1}(r+|R+){1}(r+|R+){1}(o+|O+|0+){1}(q+|Q+){1}(u+|U+){1}(è+|é+|e+|E+|3+){1}(t+|T+|7+){1}(-+|\s+){1}(h+|H+){1}(i+|I+|1+){1}(b+|B+){1}(o+|O+|0+){1}(u+|U+){1}
317;(k+|K+){1}(à+|á+|a+|A+|4+){1}(k+|K+){1}(à+|á+|a+|A+|4+){1}(p+|P+){1}\w
318;(k+|K+){1}(à+|á+|a+|A+|4+){1}(k+|K+){1}(à+|á+|a+|A+|4+){1}(p+|P+){1}(u+|U+){1}(\s+){1}
319;(m+|M+){1}(à+|á+|a+|A+|4+){1}(c+|C+|ç+){1}(r+|R+){1}(o+|O+|0+){1}(c+|C+|ç+){1}(è+|é+|e+|E+|3+){1}(r+|R+){1}(c+|C+|ç+){1}(u+|U+){1}(s+|S+|5+){1}
320;(g+|G+){1}(l+|L+){1}(à+|á+|a+|A+|4+){1}(u+|U+){1}(c+|C+|ç+){1}(u+|U+){1}(s+|S+|5+){1}
321;(g+|G+){1}(l+|L+){1}(à+|á+|a+|A+|4+){1}(u+|U+){1}(q+|Q+){1}(u+|U+){1}(è+|é+|e+|E+|3+){1}
322;(g+|G+){1}(l+|L+){1}(à+|á+|a+|A+|4+){1}(u+|U+){1}(c+|C+|ç+){1}(o+|O+|0+){1}(u+|U+){1}(s+|S+|5+){1}
323;(g+|G+){1}(u+|U+){1}(à+|á+|a+|A+|4+){1}(à+|á+|a+|A+|4+){1}(-+|\s+){1}(o+|O+|0+){1}(b+|B+){1}(i+|I+|1+){1}
324;(o+|O+|0+){1}(l+|L+){1}(i+|I+|1+){1}(v+|V+){1}(à+|a+|á+|A+|4+){1}(c+|C+|ç+){1}(è+|é+|e+|E+|3+){1}(o+|O+|0+){1}
325;(g+|G+){1}(l+|L+){1}(à+|á+|a+|A+|4+){1}(u+|U+){1}(c+|C+|ç+){1}(o+|O+|0+){1}
326;(v+|V+){1}(i+|I+|1+){1}(o+|O+|0+){1}(l+|L+){1}(à+|a+|á+|A+|4+){1}(c+|C+|ç+){1}(è+|é+|e+|E+|3+){1}(o+|O+|0+){1}
327;(h+|H+){1}(y+|Y+){1}(à+|á+|a+|A+|4+){1}(c+|C+|ç+){1}(i+|I+|1+){1}(n+|N+){1}(t+|T+|7+){1}(h+|H+){1}(i+|I+|1+){1}(n+|N+){1}(u+|U+){1}(s+|S+|5+){1}
328;(h+|H+){1}(y+|Y+){1}(à+|á+|a+|A+|4+){1}(c+|C+|ç+){1}(i+|I+|1+){1}(n+|N+){1}(t+|T+|7+){1}(h+|H+){1}(è+|é+|e+|E+|3+){1}
329;(h+|H+){1}(y+|Y+){1}(à+|á+|a+|A+|4+){1}(c+|C+|ç+){1}(i+|I+|1+){1}(n+|N+){1}(t+|T+|7+){1}(h+|H+){1}
330;(h+|H+){1}(y+|Y+){1}(à+|á+|a+|A+|4+){1}(c+|C+|ç+){1}(i+|I+|1+){1}(n+|N+){1}(t+|T+|7+){1}(h+|H+){1}(i+|I+|1+){1}(n+|N+){1}(è+|é+|e+|E+|3+){1}
331;(j+|J+){1}(à+|á+|a+|A+|4+){1}(c+|C+|ç+){1}(i+|I+|1+){1}(n+|N+){1}(t+|T+|7+){1}(o+|O+|0+){1}
332;(l+|L+){1}(è+|é+|e+|E+|3+){1}(à+|á+|a+|A+|4+){1}(r+|R+){1}
333;(l+|L+){1}(è+|é+|e+|E+|3+){1}(à+|á+|a+|A+|4+){1}(r+|R+){1}('+|\s+){1}(s+|S+|5+){1}
334;(i+|I+|1+){1}(n+|N+){1}(d+|D+){1}(i+|I+|1+){1}(g+|G+){1}(o+|O+|0+){1}
335;(à+|á+|a+|A+|4+){1}(r+|R+){1}(à+|á+|a+|A+|4+){1}(r+|R+){1}(à+|á+|a+|A+|4+){1}(-+|\s+){1}(à+|á+|a+|A+|4+){1}(z+|Z+){1}(u+|U+){1}(l+|L+){1}(-+|\s+){1}(d+|D+){1}(è+|é+|e+|E+|3+){1}(-+|\s+){1}(l+|L+){1}(è+|é+|e+|E+|3+){1}(à+|á+|a+|A+|4+){1}(r+|R+){1}
336;(l+|L+){1}(à+|á+|a+|A+|4+){1}(r+|R+){1}(g+|G+){1}(è+|é+|e+|E+|3+){1}
337;(à+|á+|a+|A+|4+){1}(l+|L+){1}(l+|L+){1}(-+|\s+){1}(b+|B+){1}(l+|L+){1}(u+|U+){1}(è+|é+|e+|E+|3+){1}
338;(b+|B+){1}(r+|R+){1}(à+|á+|a+|A+|4+){1}(z+|Z+){1}(i+|I+|1+){1}(l+|L+){1}(i+|I+|1+){1}(à+|á+|a+|A+|4+){1}(n+|N+){1}
339;(c+|C+|ç+){1}(o+|O+|0+){1}(b+|B+){1}(à+|á+|a+|A+|4+){1}(l+|L+){1}(t+|T+|7+){1}(o+|O+|0+){1}
340;(à+|á+|a+|A+|4+){1}(r+|R+){1}(à+|á+|a+|A+|4+){1}(r+|R+){1}(à+|á+|a+|A+|4+){1}(-+|\s+){1}(à+|á+|a+|A+|4+){1}(z+|Z+){1}(u+|U+){1}(l+|L+){1}(\s+){1}
341;(l+|L+){1}(o+|O+|0+){1}(r+|R+){1}(i+|I+|1+){1}
342;(à+|á+|a+|A+|4+){1}(r+|R+){1}(l+|L+){1}(è+|é+|e+|E+|3+){1}(q+|Q+){1}(u+|U+){1}(i+|I+|1+){1}(n+|N+){1}
343;(r+|R+){1}(è+|é+|e+|E+|3+){1}(d+|D+){1}(-+|\s+){1}(à+|á+|a+|A+|4+){1}(n+|N+){1}(d+|D+){1}(-+|\s+){1}(b+|B+){1}(l+|L+){1}(u+|U+){1}(è+|é+|e+|E+|3+){1}
344;(l+|L+){1}(o+|O+|0+){1}(r+|R+){1}(y+|Y+){1}
345;(n+|N+){1}(u+|U+){1}(r+|R+){1}(i+|I+|1+){1}
346;(t+|T+|7+){1}(à+|á+|a+|A+|4+){1}(l+|L+){1}(à+|á+|a+|A+|4+){1}(u+|U+){1}(d+|D+){1}(\s+){1}
347;(u+|U+){1}(l+|L+){1}(t+|T+|7+){1}(r+|R+){1}(à+|á+|a+|A+|4+){1}(m+|M+){1}(à+|á+|a+|A+|4+){1}(r+|R+){1}(i+|I+|1+){1}(n+|N+){1}
348;(u+|U+){1}(l+|L+){1}(t+|T+|7+){1}(r+|R+){1}(à+|á+|a+|A+|4+){1}(m+|M+){1}(à+|á+|a+|A+|4+){1}(r+|R+){1}(i+|I+|1+){1}(n+|N+){1}(è+|é+|e+|E+|3+){1}
349;(l+|L+){1}(o+|O+|0+){1}(r+|R+){1}(i+|I+|1+){1}(k+|K+){1}(è+|é+|e+|E+|3+){1}(è+|é+|e+|E+|3+){1}(t+|T+|7+){1}(\s+){1}
350;(c+|C+|ç+){1}(à+|á+|a+|A+|4+){1}(c+|C+|ç+){1}(à+|á+|a+|A+|4+){1}(t+|T+|7+){1}(o+|O+|0+){1}(è+|é+|e+|E+){1}(s+|S+|5+){1}
351;(g+|G+){1}(o+|O+|0+){1}(f+|F+){1}(f+|F+){1}(i+|I+|1+){1}(n+|N+){1}
352;(t+|T+|7+){1}(à+|á+|a+|A+|4+){1}(n+|N+){1}(i+|I+|1+){1}(m+|M+){1}(b+|B+){1}(à+|á+|a+|A+|4+){1}(r+|R+){1}
353;(c+|C+|ç+){1}(o+|O+|0+){1}(r+|R+){1}(è+|é+|e+|E+|3+){1}(l+|L+){1}(l+|L+){1}(à+|á+|a+|A+|4+){1}
354;(g+|G+){1}(o+|O+|0+){1}(f+|F+){1}(f+|F+){1}(i+|I+|1+){1}(n+|N+){1}('+|\s+){1}(s+|S+|5+){1}
355;(c+|C+|ç+){1}(o+|O+|0+){1}(c+|C+|ç+){1}(k+|K+){1}(à+|á+|a+|A+|4+){1}(t+|T+|7+){1}(o+|O+|0+){1}(o+|O+|0+){1}
356;(k+|K+){1}(à+|á+|a+|A+|4+){1}(k+|K+){1}(à+|á+|a+|A+|4+){1}(t+|T+|7+){1}(u+|U+){1}(à+|á+|a+|A+|4+){1}
357;(t+|T+|7+){1}(à+|á+|a+|A+|4+){1}(n+|N+){1}(i+|I+|1+){1}(m+|M+){1}(b+|B+){1}(à+|á+|a+|A+|4+){1}(r+|R+){1}(\s+){1}
358;(p+|P+){1}(h+|H+){1}(i+|I+|1+){1}(l+|L+){1}(i+|I+|1+){1}(p+|P+){1}(p+|P+){1}(i+|I+|1+){1}(n+|N+){1}(è+|é+|e+|E+|3+){1}(s+|S+|5+){1}
359;(r+|R+){1}(è+|é+|e+|E+|3+){1}(d+|D+){1}(-+|\s+){1}(v+|V+){1}(è+|é+|e+|E+|3+){1}(n+|N+){1}(t+|T+|7+){1}(è+|é+|e+|E+|3+){1}(d+|D+){1}
360;(p+|P+){1}(h+|H+){1}(i+|I+|1+){1}(l+|L+){1}(i+|I+|1+){1}(p+|P+){1}(p+|P+){1}(i+|I+|1+){1}(n+|N+){1}(è+|é+|e+|E+|3+){1}
361;(c+|C+|ç+){1}(o+|O+|0+){1}(r+|R+){1}(è+|é+|e+|E+|3+){1}(l+|L+){1}(l+|L+){1}(à+|á+|a+|A+|4+){1}(\s+){1}
362;(h+|H+){1}(u+|U+){1}(p+|P+){1}(p+|P+){1}(è+|é+|e+|E+|3+){1}
363;(m+|M+){1}(o+|O+|0+){1}(l+|L+){1}(u+|U+){1}(q+|Q+){1}(u+|U+){1}(è+|é+|e+|E+|3+){1}(s+|S+|5+){1}
364;(m+|M+){1}(o+|O+|0+){1}(l+|L+){1}(u+|U+){1}(c+|C+|ç+){1}(c+|C+|ç+){1}(à+|á+|a+|A+|4+){1}(n+|N+){1}
365;(s+|S+|5+){1}(à+|á+|a+|A+|4+){1}(l+|L+){1}(m+|M+){1}(o+|O+|0+){1}(n+|N+){1}(-+|\s+){1}(c+|C+|ç+){1}(r+|R+){1}(è+|é+|e+|E+|3+){1}(s+|S+|5+){1}(t+|T+|7+){1}(è+|é+|e+|E+|3+){1}(d+|D+){1}
366;(m+|M+){1}(à+|á+|a+|A+|4+){1}(l+|L+){1}(u+|U+){1}(k+|K+){1}(u+|U+){1}(\s+){1}
367;(s+|S+|5+){1}(o+|O+|0+){1}(u+|U+){1}(f+|F+){1}(r+|R+){1}(è+|é+|e+|E+){1}
368;(p+|P+){1}(è+|é+|e+|E+|3+){1}(t+|T+|7+){1}(i+|I+|1+){1}(t+|T+|7+){1}
369;(y+|Y+){1}(è+|é+|e+|E+|3+){1}(l+|L+){1}(l+|L+){1}(o+|O+|0+){1}(w+|W+){1}(-+|\s+){1}(c+|C+|ç+){1}(r+|R+){1}(è+|é+|e+|E+|3+){1}(s+|S+|5+){1}(t+|T+|7+){1}(è+|é+|e+|E+|3+){1}(d+|D+){1}
370;(l+|L+){1}(è+|é+|e+|E+|3+){1}(s+|S+|5+){1}(s+|S+|5+){1}(è+|é+|e+|E+|3+){1}(r+|R+){1}
371;(s+|S+|5+){1}(u+|U+){1}(l+|L+){1}(p+|P+){1}(h+|H+){1}(u+|U+){1}(r+|R+){1}(-+|\s+){1}(c+|C+|ç+){1}(r+|R+){1}(è+|é+|e+|E+|3+){1}(s+|S+|5+){1}(t+|T+|7+){1}(è+|é+|e+|E+|3+){1}(d+|D+){1}
372;(j+|J+){1}(à+|á+|a+|A+|4+){1}(m+|M+){1}(b+|B+){1}(u+|U+){1}(l+|L+){1}(-+|\s+){1}(k+|K+){1}(u+|U+){1}(n+|N+){1}(i+|I+|1+){1}(n+|N+){1}(g+|G+){1}(\s+){1}
373;(m+|M+){1}(i+|I+|1+){1}(c+|C+|ç+){1}(r+|R+){1}(o+|O+|0+){1}(g+|G+){1}(l+|L+){1}(o+|O+|0+){1}(s+|S+|5+){1}(s+|S+|5+){1}(è+|é+|e+|E+|3+){1}
374;(p+|P+){1}(à+|á+|a+|A+|4+){1}(l+|L+){1}(m+|M+){1}
375;(r+|R+){1}(à+|á+|a+|A+|4+){1}(j+|J+){1}(à+|á+|a+|A+|4+){1}(\s+){1}
376;(r+|R+){1}(è+|é+|e+|E+|3+){1}(d+|D+){1}(-+|\s+){1}(à+|á+|a+|A+|4+){1}(n+|N+){1}(d+|D+){1}(-+|\s+){1}(g+|G+){1}(r+|R+){1}(è+|é+|e+|E+|3+){1}(è+|é+|e+|E+|3+){1}(n+|N+){1}
377;(g+|G+){1}(r+|R+){1}(è+|é+|e+|E+|3+){1}(è+|é+|e+|E+|3+){1}(n+|N+){1}(-+|\s+){1}(w+|W+){1}(i+|I+|1+){1}(n+|N+){1}(g+|G+){1}(è+|é+|e+|E+|3+){1}(d+|D+){1}
378;(c+|C+|ç+){1}(h+|H+){1}(l+|L+){1}(o+|O+|0+){1}(r+|R+){1}(o+|O+|0+){1}(p+|P+){1}(t+|T+|7+){1}(è+|é+|e+|E+){1}(r+|R+){1}(è+|é+|e+|E+|3+){1}
379;(à+|á+|a+|A+|4+){1}(l+|L+){1}(i+|I+|1+){1}(v+|V+){1}(è+|é+|e+|E+|3+){1}(r+|R+){1}(d+|D+){1}(è+|é+|e+|E+|3+){1}\w
380;(r+|R+){1}(o+|O+|0+){1}(j+|J+){1}(o+|O+|0+){1}(\s+){1}
381;(b+|B+){1}(l+|L+){1}(u+|U+){1}(è+|é+|e+|E+|3+){1}(-+|\s+){1}(à+|á+|a+|A+|4+){1}(n+|N+){1}(d+|D+){1}(-+|\s+){1}(g+|G+){1}(o+|O+|0+){1}(l+|L+){1}(d+|D+){1}
382;(b+|B+){1}(l+|L+){1}(u+|U+){1}(è+|é+|e+|E+|3+){1}(-+|\s+){1}(à+|á+|a+|A+|4+){1}(n+|N+){1}(d+|D+){1}(-+|\s+){1}(y+|Y+){1}(è+|é+|e+|E+|3+){1}(l+|L+){1}(l+|L+){1}(o+|O+|0+){1}(w+|W+){1}
383;(i+|I+|1+){1}(n+|N+){1}(s+|S+|5+){1}(è+|é+|e+|E+){1}(p+|P+){1}(à+|á+|a+|A+|4+){1}(r+|R+){1}(à+|á+|a+|A+|4+){1}(b+|B+){1}(l+|L+){1}(è+|é+|e+|E+|3+){1}
384;(g+|G+){1}(r+|R+){1}(i+|I+|1+){1}(s+|S+|5+){1}(è+|é+|e+|E+|3+){1}
385;(g+|G+){1}(r+|R+){1}(è+|é+|e+|E+|3+){1}(y+|Y+){1}(-+|\s+){1}(h+|H+){1}(è+|é+|e+|E+|3+){1}(à+|á+|a+|A+|4+){1}(d+|D+){1}(è+|é+|e+|E+|3+){1}(d+|D+){1}
386;(l+|L+){1}(o+|O+|0+){1}(v+|V+){1}(è+|é+|e+|E+|3+){1}(b+|B+){1}(i+|I+|1+){1}(r+|R+){1}(d+|D+){1}(\s+){1}
387;(d+|D+){1}('+|\s+){1}(à+|á+|a+|A+|4+){1}(b+|B+){1}(y+|Y+){1}(s+|S+|5+){1}(s+|S+|5+){1}(i+|I+|1+){1}(n+|N+){1}(i+|I+|1+){1}(è+|é+|e+|E+|3+){1}
388;(b+|B+){1}(l+|L+){1}(à+|á+|a+|A+|4+){1}(c+|C+|ç+){1}(k+|K+){1}(-+|\s+){1}(w+|W+){1}(i+|I+|1+){1}(n+|N+){1}(g+|G+){1}(è+|é+|e+|E+|3+){1}(d+|D+){1}
389;(s+|S+|5+){1}(w+|W+){1}(i+|I+|1+){1}(n+|N+){1}(d+|D+){1}(è+|é+|e+|E+|3+){1}(r+|R+){1}(n+|N+){1}
390;(b+|B+){1}(l+|L+){1}(à+|á+|a+|A+|4+){1}(c+|C+|ç+){1}(k+|K+){1}(-+|\s+){1}(c+|C+|ç+){1}(o+|O+|0+){1}(l+|L+){1}(l+|L+){1}(à+|á+|a+|A+|4+){1}(r+|R+){1}(è+|é+|e+|E+|3+){1}(d+|D+){1}
391;(f+|F+){1}(i+|I+|1+){1}(s+|S+|5+){1}(c+|C+|ç+){1}(h+|H+){1}(è+|é+|e+|E+|3+){1}(r+|R+){1}
392;(f+|F+){1}(i+|I+|1+){1}(s+|S+|5+){1}(c+|C+|ç+){1}(h+|H+){1}(è+|é+|e+|E+|3+){1}(r+|R+){1}('+|\s+){1}(s+|S+|5+){1}
393;(m+|M+){1}(à+|á+|a+|A+|4+){1}(s+|S+|5+){1}(q+|Q+){1}(u+|U+){1}(è+|é+|e+|E+){1}
394;(y+|Y+){1}(è+|é+|e+|E+|3+){1}(l+|L+){1}(l+|L+){1}(o+|O+|0+){1}(w+|W+){1}(-+|\s+){1}(c+|C+|ç+){1}(o+|O+|0+){1}(l+|L+){1}(l+|L+){1}(à+|á+|a+|A+|4+){1}(r+|R+){1}(è+|é+|e+|E+|3+){1}(d+|D+){1}
395;(l+|L+){1}(i+|I+|1+){1}(l+|L+){1}(i+|I+|1+){1}(à+|á+|a+|A+|4+){1}(n+|N+){1}
396;(l+|L+){1}(i+|I+|1+){1}(l+|L+){1}(i+|I+|1+){1}(à+|á+|a+|A+|4+){1}(n+|N+){1}('+|\s+){1}(s+|S+|5+){1}
397;(l+|L+){1}(o+|O+|0+){1}(v+|V+){1}(è+|é+|e+|E+|3+){1}(b+|B+){1}(i+|I+|1+){1}(r+|R+){1}(d+|D+){1}
398;(n+|N+){1}(y+|Y+){1}(à+|á+|a+|A+|4+){1}(s+|S+|5+){1}(à+|á+|a+|A+|4+){1}
399;(n+|N+){1}(o+|O+|0+){1}(i+|I+|1+){1}(r+|R+){1}(è+|é+|e+|E+|3+){1}(s+|S+|5+){1}
400;(j+|J+){1}(o+|O+|0+){1}(u+|U+){1}(è+|é+|e+|E+|3+){1}
401;(n+|N+){1}(o+|O+|0+){1}(i+|I+|1+){1}(r+|R+){1}(è+|é+|e+|E+|3+){1}
402;(b+|B+){1}(l+|L+){1}(à+|á+|a+|A+|4+){1}(c+|C+|ç+){1}(k+|K+){1}(-+|\s+){1}(c+|C+|ç+){1}(h+|H+){1}(è+|é+|e+|E+|3+){1}(è+|é+|e+|E+|3+){1}(k+|K+){1}(è+|é+|e+|E+|3+){1}(d+|D+){1}
